url,label
https://bgpnet.org/auth/register,Email Validation
https://bcloudv.com/auth/register,Email Validation
https://amatrixap.com/auth/register,Email Validation
https://yiyo.io/auth/register,Email Validation
https://www.vjth.win/auth/register,Email Validation
https://yiyo.mobi/auth/register,Email Validation
https://renzhe.cloud/auth/register,Email Validation
https://vjth.de/auth/register,Email Validation
https://ftqpro.com/auth/register,GeeTest Validation
https://juziyun66.com/auth/register,GeeTest Validation
https://suyunti.net/auth/register,GeeTest Validation
https://suyunti.org/auth/register,GeeTest Validation
https://youyun00.com/auth/register,GeeTest Validation
https://jsmao.org/auth/register,GeeTest Validation
https://youyun9.com/auth/register,GeeTest Validation
https://huajic.link/auth/register,GeeTest Validation
https://youyun666.com/auth/register,GeeTest Validation
https://admin.dogvpn.me/auth/register,GeeTest Validation
https://tanzcloud.net/auth/register,GeeTest Validation
https://doggetech.com/auth/register,GeeTest Validation
https://jsmao.xyz/auth/register,GeeTest Validation
https://suyunti1.com/auth/register,GeeTest Validation
https://ppcloud.xyz/auth/register,GeeTest Validation
https://suying100.com/auth/register,GeeTest Validation
https://suying00.com/auth/register,GeeTest Validation
https://zhuifengdao.shop/auth/register,GeeTest Validation
https://juzi66.com/auth/register,GeeTest Validation
https://suying999.net/auth/register,GeeTest Validation
https://tanzcloud.com/auth/register,GeeTest Validation
https://panel.testred.xyz/auth/register,GeeTest Validation
https://suyunti.com/auth/register,GeeTest Validation
https://youyun688.net/auth/register,GeeTest Validation
https://user.58ppyun.com/auth/register,GeeTest Validation
https://www.58ftq.com/auth/register,GeeTest Validation
https://juzi69.com/auth/register,GeeTest Validation
https://tanz.website/auth/register,GeeTest Validation
https://haohaolaowang.xyz/auth/register,GeeTest Validation
https://gogoo.cyou/auth/register,GeeTest Validation
https://popocloud.xyz/auth/register,GeeTest Validation
https://youyun777.net/auth/register,GeeTest Validation
https://www.91ftq.com/auth/register,GeeTest Validation
https://www.dabai.in/auth/register,GeeTest Validation
https://sy168.site/auth/register,GeeTest Validation
https://go.zhuifengdao.com/auth/register,GeeTest Validation
https://jsm.one/auth/register,GeeTest Validation
https://suying112.com/auth/register,GeeTest Validation
https://58ftq.com/auth/register,GeeTest Validation
https://jsmao.cloud/auth/register,GeeTest Validation
https://suyunti5.net/auth/register,GeeTest Validation
https://jike0001.net/auth/register,Normal
https://feisu261.xyz/auth/register,Normal
https://cv2.info/auth/register,Normal
https://jike138.com/auth/register,Normal
https://cv2.link/auth/register,Normal
https://a.sdmone.pro/auth/register,Normal
https://xixicats.pw/auth/register,Normal
https://sdmone.pro/auth/register,Normal
https://gcphk.bananapro.live/auth/register,Normal
https://cv2.fun/auth/register,Normal
https://mgnet.vip/auth/register,Normal
https://anegg.win/auth/register,Normal
https://www.anegg.win/auth/register,Normal
https://www.onecat.cc/auth/register,Normal
http://www.2333turbo.art/auth/register,危险通信(HTTP)
http://jindouyunsw.com/auth/register,危险通信(HTTP)
http://f8b9.com/auth/register,危险通信(HTTP)
http://058850.xyz/auth/register,危险通信(HTTP)
http://situcloud.cf/auth/register,危险通信(HTTP)
http://52vpn.club/auth/register,危险通信(HTTP)
http://wanda123.xyz/auth/register,危险通信(HTTP)
http://houzi.me/auth/register,危险通信(HTTP)
http://www.10cloud.xyz/auth/register,危险通信(HTTP)
http://www.htavpn.com/auth/register,危险通信(HTTP)
http://www.98yys.pw/auth/register,危险通信(HTTP)
http://www.rainji.cn/auth/register,危险通信(HTTP)
http://www.52jingtanhao.men/auth/register,危险通信(HTTP)
http://www.ggjsq.xyz/auth/register,危险通信(HTTP)
http://121.5.23.80/auth/register,危险通信(HTTP)
http://htavpn.com/auth/register,危险通信(HTTP)
http://xiongpapa.com/auth/register,危险通信(HTTP)
http://xundavp.xyz/auth/register,危险通信(HTTP)
http://www.plfvgybhfddnjm.xyz/auth/register,危险通信(HTTP)
http://333bear.com/auth/register,危险通信(HTTP)
http://wangmen.xyz/auth/register,危险通信(HTTP)
http://slinks.asia/auth/register,危险通信(HTTP)
http://superfast8.com/auth/register,危险通信(HTTP)
http://yesdaddy.win/auth/register,危险通信(HTTP)
http://renyimen.buzz/auth/register,危险通信(HTTP)
http://ufox.me/auth/register,危险通信(HTTP)
http://pixiv.digital/auth/register,危险通信(HTTP)
http://clould.ltd/auth/register,危险通信(HTTP)
http://216.127.187.77/auth/register,危险通信(HTTP)
http://www.ckcloud.cc/auth/register,危险通信(HTTP)
http://vpnation.net/auth/register,危险通信(HTTP)
http://houzi.ml/auth/register,危险通信(HTTP)
http://10cloud.xyz/auth/register,危险通信(HTTP)
http://www.qiuniu.top/auth/register,危险通信(HTTP)
http://www.littleqqq.com/auth/register,危险通信(HTTP)
http://140.238.10.38/auth/register,危险通信(HTTP)
http://karmai.xyz/auth/register,危险通信(HTTP)
http://149.129.111.59/auth/register,危险通信(HTTP)
http://starbzp.com/auth/register,危险通信(HTTP)
http://www.feixun.club/auth/register,危险通信(HTTP)
http://zzkayun.com/auth/register,危险通信(HTTP)
http://fastvpn.top/auth/register,危险通信(HTTP)
http://www.nima.moe/auth/register,危险通信(HTTP)
http://purefast.net/auth/register,危险通信(HTTP)
http://www.cloudbb.win/auth/register,危险通信(HTTP)
http://kthyun.com/auth/register,危险通信(HTTP)
http://wrtcpalcuin.xyz/auth/register,危险通信(HTTP)
http://www.pandabb.xyz/auth/register,危险通信(HTTP)
http://57s.in/auth/register,危险通信(HTTP)
http://www.orangespeed.xyz/auth/register,危险通信(HTTP)
http://雫猫.com/auth/register,危险通信(HTTP)
http://bitecloud.xyz/auth/register,危险通信(HTTP)
http://v2find.club/auth/register,危险通信(HTTP)
http://199.255.96.216/auth/register,危险通信(HTTP)
http://www.jindouyunsw.com/auth/register,危险通信(HTTP)
http://linkhub.support/auth/register,危险通信(HTTP)
http://www.niuniu.site/auth/register,危险通信(HTTP)
http://weixiaojiasu.xyz/auth/register,危险通信(HTTP)
http://dianziyan.me/auth/register,危险通信(HTTP)
http://www.pilor.net/auth/register,危险通信(HTTP)
http://xiaocloud.club/auth/register,危险通信(HTTP)
http://www.99asdy.club/auth/register,危险通信(HTTP)
http://cloudtu.cc/auth/register,危险通信(HTTP)
http://www.8pig.org/auth/register,危险通信(HTTP)
http://meng1688.win/auth/register,危险通信(HTTP)
http://wolun555.com/auth/register,危险通信(HTTP)
http://pixiv.life/auth/register,危险通信(HTTP)
http://滑稽场.com/auth/register,危险通信(HTTP)
http://www.jindoucloud.life/auth/register,危险通信(HTTP)
http://6692sxc.xyz/auth/register,危险通信(HTTP)
http://tudouvp.com/auth/register,危险通信(HTTP)
http://www.superfast8.com/auth/register,危险通信(HTTP)
http://www.移不动.club/auth/register,危险通信(HTTP)
http://101.32.222.32/auth/register,危险通信(HTTP)
http://www.ojbk.pw/auth/register,危险通信(HTTP)
http://hideme.fun/auth/register,危险通信(HTTP)
http://sevenvpn.top/auth/register,危险通信(HTTP)
http://www.syvpn.buzz/auth/register,危险通信(HTTP)
http://www.tkcloud.xyz/auth/register,危险通信(HTTP)
http://www.hnyhgl.com/auth/register,危险通信(HTTP)
http://www.52jingtanhao.org/auth/register,危险通信(HTTP)
http://22044.site/auth/register,危险通信(HTTP)
http://oxopron888.top/auth/register,危险通信(HTTP)
http://cloudshoes.org/auth/register,危险通信(HTTP)
http://api.99yun.info/auth/register,危险通信(HTTP)
http://www.ytdy666.buzz/auth/register,危险通信(HTTP)
http://2023457.xyz/auth/register,危险通信(HTTP)
http://www.sdmone.pro/auth/register,危险通信(HTTP)
http://www.hhnjs666.com/auth/register,危险通信(HTTP)
http://198.211.36.199/auth/register,危险通信(HTTP)
http://www.sky-sky.cc/auth/register,危险通信(HTTP)
http://mfyun.xyz/auth/register,危险通信(HTTP)
http://www.hjtnt.com/auth/register,危险通信(HTTP)
http://www.featural.asia/auth/register,危险通信(HTTP)
http://heisenberg.club/auth/register,危险通信(HTTP)
http://bigm.cloud/auth/register,危险通信(HTTP)
https://fastfox.cc/auth/register,拒绝注册
https://20212345.xyz/auth/register,拒绝注册
https://vlinks.cc/auth/register,拒绝注册
https://www.20212345.xyz/auth/register,拒绝注册
https://www.mxyssr.fun/auth/register,拒绝注册
https://jike191.com/auth/register,拒绝注册
https://52yun.club/auth/register,拒绝注册
https://www.joinus.cloud/auth/register,拒绝注册
https://sgv2.club/auth/register,拒绝注册
https://sgy58.com/auth/register,拒绝注册
https://lse112233.icu/auth/register,拒绝注册
https://gkdcloud.shop/auth/register,拒绝注册
https://tgzm.xyz/auth/register,拒绝注册
https://www.luckyant.xyz/auth/register,拒绝注册
https://www.dinuxcloud.com/auth/register,拒绝注册
https://fuufaa.com/auth/register,拒绝注册
https://pupucloud.live/auth/register,拒绝注册
https://521ssr.xyz/auth/register,拒绝注册
https://www.turbolink.xyz/auth/register,拒绝注册
https://sevenvpn.top/auth/register,拒绝注册
https://www.sufeiyun.icu/auth/register,拒绝注册
https://xi99.xyz/auth/register,拒绝注册
https://ikuuu.dev/auth/register,拒绝注册
https://tianhang.shop/auth/register,拒绝注册
https://www.zifanr.net/auth/register,拒绝注册
https://llhyun.com/auth/register,拒绝注册
https://vofolo.co/auth/register,拒绝注册
https://ikuuu.org/auth/register,拒绝注册
https://prime.ypork.com/auth/register,拒绝注册
https://sola.chat/auth/register,拒绝注册
https://g01.info/auth/register,拒绝注册
https://www.kmbyun.com/auth/register,拒绝注册
https://lawwant.com/auth/register,拒绝注册
https://xmrth.vip/auth/register,拒绝注册
https://light-up.cc/auth/register,拒绝注册
https://www.wiougong.space/auth/register,拒绝注册
https://niuniuniuniu.xyz/auth/register,拒绝注册
https://jssj.xyz/auth/register,拒绝注册
https://mxwljsq.com/auth/register,拒绝注册
https://99rocket.xyz/auth/register,拒绝注册
https://gsoula.cloud/auth/register,拒绝注册
https://ppssr.tk/auth/register,拒绝注册
https://www.xmfjsq.com/auth/register,拒绝注册
https://utunnel.net/auth/register,拒绝注册
https://fanqiev2.work/auth/register,拒绝注册
https://www.ktyjsq.com/auth/register,拒绝注册
https://yuko.work/auth/register,拒绝注册
https://ikuuu.live/auth/register,拒绝注册
https://www.jssrvpnssr.xyz/auth/register,拒绝注册
https://gotonet.xyz/auth/register,拒绝注册
https://www.jisutizi.xyz/auth/register,拒绝注册
https://www.1314159.xyz/auth/register,拒绝注册
https://www.douluos.xyz/auth/register,拒绝注册
https://www.gotonet.xyz/auth/register,拒绝注册
https://tiyunzong.cloud/auth/register,拒绝注册
https://www.reoen.top/auth/register,拒绝注册
https://www.xmyjsq.com/auth/register,拒绝注册
https://dbjs.xyz/auth/register,拒绝注册
https://ikuuu.co/auth/register,拒绝注册
https://vv.wtf.day/auth/register,拒绝注册
https://mxwljsq.top/auth/register,拒绝注册
https://ikuuu.ltd/auth/register,拒绝注册
https://gg.miaomiaowu114514.xyz/auth/register,拒绝注册
https://22044.xyz/auth/register,拒绝注册
https://www.tail.one/auth/register,拒绝注册
https://zcssr.com/auth/register,拒绝注册
https://fbi.sale/auth/register,拒绝注册
https://vfentou.com/auth/register,拒绝注册
https://www.kmajsq.com/auth/register,拒绝注册
https://oing.in/auth/register,拒绝注册
https://10cloud.xyz/auth/register,拒绝注册
https://lspjs02.com/auth/register,拒绝注册
https://fastnode.me/auth/register,拒绝注册
https://www.vhwke.com/auth/register,拒绝注册
https://www.qtycloud.xyz/auth/register,拒绝注册
https://wangpengfei.xyz/auth/register,拒绝注册
https://sdmone.com/auth/register,拒绝注册
https://www.ktykty.com/auth/register,拒绝注册
https://www.kthjsq.com/auth/register,拒绝注册
https://keycat.xyz/auth/register,拒绝注册
https://www.d-vpn.xyz/auth/register,拒绝注册
https://www.qhhz.xyz/auth/register,拒绝注册
https://www.wiougong.me/auth/register,拒绝注册
https://zc001.xyz/auth/register,拒绝注册
https://www.zifaner.com/auth/register,拒绝注册
https://www.smartcls.com/auth/register,拒绝注册
https://www.miaomiaowu114514.xyz/auth/register,拒绝注册
https://jisutizi.xyz/auth/register,拒绝注册
https://www.hjtnt.cc/auth/register,请求异常(ERROR:302)
https://gsou.link/auth/register,请求异常(ERROR:302)
https://v2.hor1zon.xyz/auth/register,请求异常(ERROR:302)
https://8d8x.xyz/auth/register,请求异常(ERROR:302)
https://www.jssrvpn.xyz/auth/register,请求异常(ERROR:302)
https://biteb.cc/auth/register,请求异常(ERROR:302)
https://500ml.buzz/auth/register,请求异常(ERROR:302)
https://9d9x.xyz/auth/register,请求异常(ERROR:302)
https://zerocloud.works/auth/register,请求异常(ERROR:302)
https://nsfwcloud.com/auth/register,请求异常(ERROR:302)
https://www.heduian.cloud/auth/register,请求异常(ERROR:302)
https://gsoust.xyz/auth/register,请求异常(ERROR:302)
https://woc666.com/auth/register,请求异常(ERROR:302)
https://www.rickroll.one/auth/register,请求异常(ERROR:302)
https://matrixap.com/auth/register,请求异常(ERROR:302)
https://zerozero.life/auth/register,请求异常(ERROR:302)
https://lsjnb.com/auth/register,请求异常(ERROR:403)
https://www.worldnod.com/auth/register,请求异常(ERROR:403)
https://fq.mk/auth/register,请求异常(ERROR:403)
https://www.pilor.net/auth/register,请求异常(ERROR:403)
https://aff01.fyb-aff01.com/auth/register,请求异常(ERROR:403)
https://worldnod.com/auth/register,请求异常(ERROR:403)
https://worldnod.top/auth/register,请求异常(ERROR:403)
https://www.jafiyun.cc/auth/register,请求异常(ERROR:403)
https://xmrth.com/auth/register,请求异常(ERROR:403)
https://www.jssr.cc/auth/register,请求异常(ERROR:403)
https://alick.co/auth/register,请求异常(ERROR:403)
https://xixi55.net/auth/register,请求异常(ERROR:403)
https://www.hnyhgl.com/auth/register,请求异常(ERROR:403)
https://mukvps.com/auth/register,请求异常(ERROR:404)
https://www.299.best/auth/register,请求异常(ERROR:404)
https://www.99ftq.xyz/auth/register,请求异常(ERROR:404)
https://linkhub.mobi/auth/register,请求异常(ERROR:404)
https://www.chaoqingba.com/auth/register,请求异常(ERROR:404)
https://www.onelight.cc/auth/register,请求异常(ERROR:404)
https://biteb.click/auth/register,请求异常(ERROR:404)
https://huajic.xyz/auth/register,请求异常(ERROR:404)
https://www.heygg.com/auth/register,请求异常(ERROR:404)
https://ppv2.cc/auth/register,请求异常(ERROR:404)
https://raycloud.icu/auth/register,请求异常(ERROR:404)
https://www.hjtnt.link/auth/register,请求异常(ERROR:404)
https://bigm.cc/auth/register,请求异常(ERROR:404)
https://cv2.us/auth/register,请求异常(ERROR:404)
https://kuaiyu.xyz/auth/register,请求异常(ERROR:404)
https://fastvpn.top/auth/register,请求异常(ERROR:404)
https://www.somersaultcloud.top/auth/register,请求异常(ERROR:404)
https://pixiv.digital/auth/register,请求异常(ERROR:404)
https://roka.cc/auth/register,请求异常(ERROR:404)
https://www.heduian.cyou/auth/register,请求异常(ERROR:404)
https://shadowrocket.co/auth/register,请求异常(ERROR:404)
https://cylink.app/auth/register,请求异常(ERROR:404)
https://purefast.net/auth/register,请求异常(ERROR:404)
https://kuaiyu2.xyz/auth/register,请求异常(ERROR:404)
https://kkjiasu.com/auth/register,请求异常(ERROR:404)
https://ddjppt.shop/auth/register,请求异常(ERROR:404)
https://stovpn.com/auth/register,请求异常(ERROR:404)
https://www.wssss.shop/auth/register,请求异常(ERROR:404)
https://www.wolun7.com/auth/register,请求异常(ERROR:404)
https://v2find.club/auth/register,请求异常(ERROR:404)
https://pro.crosswall.cc/auth/register,请求异常(ERROR:404)
https://biteb.bar/auth/register,请求异常(ERROR:404)
https://oceancloud.asia/auth/register,请求异常(ERROR:404)
https://somersaultcloud.top/auth/register,请求异常(ERROR:404)
https://www.roka.cc/auth/register,请求异常(ERROR:404)
https://www.so-fast.org/auth/register,请求异常(ERROR:404)
https://058850.xyz/auth/register,请求异常(ERROR:404)
https://www.hjtnt.buzz/auth/register,请求异常(ERROR:404)
https://v2ray.mom/auth/register,请求异常(ERROR:404)
https://paofu.cloud/auth/register,请求异常(ERROR:404)
https://chaoqingba.com/auth/register,请求异常(ERROR:404)
https://www.99ssc.xyz/auth/register,请求异常(ERROR:404)
https://cv2.work/auth/register,请求异常(ERROR:404)
https://linkhub.today/auth/register,请求异常(ERROR:404)
https://fastnode.info/auth/register,请求异常(ERROR:404)
https://ppjiasu.xyz/auth/register,请求异常(ERROR:404)
https://ipyipy.cc/auth/register,请求异常(ERROR:404)
https://98yys.pw/auth/register,请求异常(ERROR:404)
https://www.paofu.cloud/auth/register,请求异常(ERROR:404)
https://www.shadowrocket.co/auth/register,请求异常(ERROR:404)
https://admin.91zfdao.com/auth/register,请求异常(ERROR:404)
https://www.s-cat.win/auth/register,请求异常(ERROR:404)
https://kakaovpn.com/auth/register,请求异常(ERROR:404)
https://abuxiaoxi.top/auth/register,请求异常(ERROR:404)
https://7sucloud.xyz/auth/register,请求异常(ERROR:404)
https://geekspeed.app/auth/register,请求异常(ERROR:404)
https://s-cat.win/auth/register,请求异常(ERROR:404)
https://www.maomi.in/auth/register,请求异常(ERROR:436)
https://roki.cc/auth/register,请求异常(ERROR:451)
https://budog.xyz/auth/register,请求异常(ERROR:500)
https://www.yropo.top/auth/register,请求异常(ERROR:502)
https://hyss.org/auth/register,请求异常(ERROR:521)
https://suying222.net/auth/register,请求异常(ERROR:521)
https://xixi0001.com/auth/register,请求异常(ERROR:521)
https://www.sufeiyun.com/auth/register,请求异常(ERROR:522)
https://seagullvpn.com/auth/register,请求异常(ERROR:522)
https://seecloud.top/auth/register,请求异常(ERROR:522)
https://sufeiyun.com/auth/register,请求异常(ERROR:522)
https://www.baisussr.site/auth/register,请求异常(ERROR:522)
https://zerocloud.biz/auth/register,请求异常(ERROR:522)
https://lanlianhuayun.com/auth/register,请求异常(ERROR:526)
https://www.cylink.host/auth/register,请求异常(ERROR:526)
https://lspjs01.com/auth/register,请求异常(ERROR:530)
https://www.ledlandi.com/auth/register,请求异常(ERROR:530)
https://dash.project-cyber.com/auth/register,限制注册(邀请)
https://1.mjjspeed.com/auth/register,限制注册(邀请)
https://cw.uni-apps.com/auth/register,限制注册(邀请)
https://3300ml.com/auth/register,限制注册(邀请)
https://4thunter.net/auth/register,限制注册(邀请)
https://www.mjjspeed.com/auth/register,限制注册(邀请)
https://netsky.club/auth/register,限制注册(邮箱)
https://surfduck.co/auth/register,限制注册(邮箱)
https://linbei.net/auth/register,限制注册(邮箱)
https://socloud.cc/auth/register,限制注册(邮箱)
https://www.jobjapan.com/auth/register,限制注册(邮箱)
https://www.huojian999.xyz/auth/register,限制注册(邮箱)
https://socloud.fun/auth/register,限制注册(邮箱)
https://www.huojian888.xyz/auth/register,限制注册(邮箱)
https://applegame.xyz/auth/register,限制注册(邮箱)
https://www.2233.wtf/auth/register,限制注册(邮箱)
https://flyall.me/auth/register,限制注册(邮箱)
https://easier.site/auth/register,限制注册(邮箱)
https://user.huojian999.com/auth/register,限制注册(邮箱)
https://qiaqia.io/auth/register,限制注册(邮箱)
https://socloud.me/auth/register,限制注册(邮箱)
